Motif_Name,Consensus,P_value,Log_P_value,q_value,Target_Seqs_with_Motif,Pct_Target,Background_Seqs,Pct_Background,Fold_Enrichment,TF_Name,TF_Family,Condition
TEAD1(TEAD)/HepG2-TEAD1-ChIP-Seq(Encode)/Homer,CYRCATTCCA,0.0,-918.8,0.0,3057.0,22.9,8615.2,10.14,2.2583826429980274,TEAD1,TEAD,TES
TEAD3(TEA)/HepG2-TEAD3-ChIP-Seq(Encode)/Homer,TRCATTCCAG,0.0,-886.8,0.0,3371.0,25.25,10182.5,11.98,2.1076794657762936,TEAD3,TEA,TES
TEAD4(TEA)/Tropoblast-Tead4-ChIP-Seq(GSE37350)/Homer,CCWGGAATGY,0.0,-854.8,0.0,2604.0,19.5,6942.9,8.17,2.386780905752754,TEAD4,TEA,TES
TEAD(TEA)/Fibroblast-PU.1-ChIP-Seq(Unpublished)/Homer,YCWGGAATGY,1e-323,-744.0,0.0,2363.0,17.7,6398.4,7.53,2.3505976095617527,TEAD,TEA,TES
TEAD1(TEAD)/HepG2-TEAD1-ChIP-Seq(Encode)/Homer,CYRCATTCCA,0.0,-1972.0,0.0,3099.0,34.63,8986.1,10.05,3.445771144278607,TEAD1,TEAD,TEAD1
TEAD3(TEA)/HepG2-TEAD3-ChIP-Seq(Encode)/Homer,TRCATTCCAG,0.0,-1869.0,0.0,3305.0,36.93,10613.5,11.86,3.1138279932546378,TEAD3,TEA,TEAD1
TEAD(TEA)/Fibroblast-PU.1-ChIP-Seq(Unpublished)/Homer,YCWGGAATGY,0.0,-1787.0,0.0,2514.0,28.09,6437.7,7.2,3.9013888888888886,TEAD,TEA,TEAD1
TEAD4(TEA)/Tropoblast-Tead4-ChIP-Seq(GSE37350)/Homer,CCWGGAATGY,0.0,-1763.0,0.0,2661.0,29.74,7296.7,8.16,3.644607843137255,TEAD4,TEA,TEAD1
TEAD2(TEA)/Py2T-Tead2-ChIP-Seq(GSE55709)/Homer,CCWGGAATGY,0.0,-1376.0,0.0,1846.0,20.63,4377.9,4.89,4.21881390593047,TEAD2,TEA,TEAD1
